product_category_name,year_month,demand,demand_next_month
agro_industria_e_comercio,2017-01,3,7.0
agro_industria_e_comercio,2017-02,7,2.0
agro_industria_e_comercio,2017-03,2,4.0
agro_industria_e_comercio,2017-05,4,1.0
agro_industria_e_comercio,2017-06,1,1.0
agro_industria_e_comercio,2017-07,1,4.0
agro_industria_e_comercio,2017-08,4,4.0
agro_industria_e_comercio,2017-09,4,5.0
agro_industria_e_comercio,2017-10,5,19.0
agro_industria_e_comercio,2017-11,19,11.0
agro_industria_e_comercio,2017-12,11,18.0
agro_industria_e_comercio,2018-01,18,26.0
agro_industria_e_comercio,2018-02,26,26.0
agro_industria_e_comercio,2018-03,26,12.0
agro_industria_e_comercio,2018-04,12,8.0
agro_industria_e_comercio,2018-05,8,10.0
agro_industria_e_comercio,2018-06,10,27.0
agro_industria_e_comercio,2018-07,27,18.0
alimentos,2016-10,1,2.0
alimentos,2017-01,2,8.0
alimentos,2017-02,8,21.0
alimentos,2017-03,21,8.0
alimentos,2017-04,8,3.0
alimentos,2017-05,3,1.0
alimentos,2017-06,1,7.0
alimentos,2017-07,7,8.0
alimentos,2017-08,8,17.0
alimentos,2017-09,17,17.0
alimentos,2017-10,17,14.0
alimentos,2017-11,14,13.0
alimentos,2017-12,13,19.0
alimentos,2018-01,19,38.0
alimentos,2018-02,38,35.0
alimentos,2018-03,35,40.0
alimentos,2018-04,40,44.0
alimentos,2018-05,44,24.0
alimentos,2018-06,24,64.0
alimentos,2018-07,64,115.0
alimentos_bebidas,2017-03,4,3.0
alimentos_bebidas,2017-04,3,12.0
alimentos_bebidas,2017-05,12,2.0
alimentos_bebidas,2017-06,2,8.0
alimentos_bebidas,2017-07,8,15.0
alimentos_bebidas,2017-08,15,9.0
alimentos_bebidas,2017-09,9,17.0
alimentos_bebidas,2017-10,17,33.0
alimentos_bebidas,2017-11,33,21.0
alimentos_bebidas,2017-12,21,11.0
alimentos_bebidas,2018-01,11,23.0
alimentos_bebidas,2018-02,23,19.0
alimentos_bebidas,2018-03,19,18.0
alimentos_bebidas,2018-04,18,25.0
alimentos_bebidas,2018-05,25,11.0
alimentos_bebidas,2018-06,11,17.0
alimentos_bebidas,2018-07,17,21.0
artes,2017-03,4,1.0
artes,2017-04,1,6.0
artes,2017-05,6,4.0
artes,2017-06,4,3.0
artes,2017-07,3,4.0
artes,2017-08,4,3.0
artes,2017-09,3,3.0
artes,2017-10,3,1.0
artes,2017-11,1,3.0
artes,2017-12,3,19.0
artes,2018-01,19,12.0
artes,2018-02,12,7.0
artes,2018-03,7,26.0
artes,2018-04,26,34.0
artes,2018-05,34,28.0
artes,2018-06,28,21.0
artes,2018-07,21,18.0
artes_e_artesanato,2017-05,1,1.0
artes_e_artesanato,2017-07,1,1.0
artes_e_artesanato,2018-04,1,1.0
artes_e_artesanato,2018-05,1,11.0
artes_e_artesanato,2018-07,11,9.0
artigos_de_festas,2017-07,1,2.0
artigos_de_festas,2017-09,2,2.0
artigos_de_festas,2017-10,2,3.0
artigos_de_festas,2017-11,3,2.0
artigos_de_festas,2017-12,2,2.0
artigos_de_festas,2018-01,2,6.0
artigos_de_festas,2018-03,6,2.0
artigos_de_festas,2018-04,2,4.0
artigos_de_festas,2018-05,4,2.0
artigos_de_festas,2018-06,2,2.0
artigos_de_festas,2018-07,2,14.0
artigos_de_natal,2017-04,1,3.0
artigos_de_natal,2017-06,3,2.0
artigos_de_natal,2017-07,2,1.0
artigos_de_natal,2017-08,1,4.0
artigos_de_natal,2017-09,4,12.0
artigos_de_natal,2017-10,12,22.0
artigos_de_natal,2017-11,22,16.0
artigos_de_natal,2017-12,16,10.0
artigos_de_natal,2018-01,10,24.0
artigos_de_natal,2018-02,24,12.0
artigos_de_natal,2018-03,12,12.0
artigos_de_natal,2018-04,12,6.0
artigos_de_natal,2018-05,6,7.0
artigos_de_natal,2018-06,7,8.0
artigos_de_natal,2018-07,8,10.0
audio,2016-10,2,5.0
audio,2017-02,5,14.0
audio,2017-03,14,11.0
audio,2017-04,11,17.0
audio,2017-05,17,11.0
audio,2017-06,11,6.0
audio,2017-07,6,7.0
audio,2017-08,7,10.0
audio,2017-09,10,31.0
audio,2017-10,31,36.0
audio,2017-11,36,17.0
audio,2017-12,17,26.0
audio,2018-01,26,15.0
audio,2018-02,15,34.0
audio,2018-03,34,31.0
audio,2018-04,31,21.0
audio,2018-05,21,20.0
audio,2018-06,20,22.0
audio,2018-07,22,26.0
automotivo,2016-10,8,31.0
automotivo,2017-01,31,83.0
automotivo,2017-02,83,78.0
automotivo,2017-03,78,84.0
automotivo,2017-04,84,113.0
automotivo,2017-05,113,110.0
automotivo,2017-06,110,114.0
automotivo,2017-07,114,161.0
automotivo,2017-08,161,107.0
automotivo,2017-09,107,148.0
automotivo,2017-10,148,260.0
automotivo,2017-11,260,263.0
automotivo,2017-12,263,267.0
automotivo,2018-01,267,315.0
automotivo,2018-02,315,336.0
automotivo,2018-03,336,348.0
automotivo,2018-04,348,308.0
automotivo,2018-05,308,295.0
automotivo,2018-06,295,341.0
automotivo,2018-07,341,370.0
bebes,2016-10,11,40.0
bebes,2017-01,40,32.0
bebes,2017-02,32,42.0
bebes,2017-03,42,50.0
bebes,2017-04,50,102.0
bebes,2017-05,102,78.0
bebes,2017-06,78,125.0
bebes,2017-07,125,127.0
bebes,2017-08,127,170.0
bebes,2017-09,170,138.0
bebes,2017-10,138,197.0
bebes,2017-11,197,139.0
bebes,2017-12,139,219.0
bebes,2018-01,219,172.0
bebes,2018-02,172,215.0
bebes,2018-03,215,237.0
bebes,2018-04,237,239.0
bebes,2018-05,239,223.0
bebes,2018-06,223,214.0
bebes,2018-07,214,212.0
bebidas,2017-03,5,1.0
bebidas,2017-05,1,1.0
bebidas,2017-06,1,3.0
bebidas,2017-07,3,2.0
bebidas,2017-08,2,6.0
bebidas,2017-09,6,12.0
bebidas,2017-10,12,18.0
bebidas,2017-11,18,34.0
bebidas,2017-12,34,50.0
bebidas,2018-01,50,31.0
bebidas,2018-02,31,21.0
bebidas,2018-03,21,54.0
bebidas,2018-04,54,47.0
bebidas,2018-05,47,33.0
bebidas,2018-06,33,16.0
bebidas,2018-07,16,27.0
beleza_saude,2016-09,3,40.0
beleza_saude,2016-10,40,82.0
beleza_saude,2017-01,82,154.0
beleza_saude,2017-02,154,208.0
beleza_saude,2017-03,208,180.0
beleza_saude,2017-04,180,284.0
beleza_saude,2017-05,284,254.0
beleza_saude,2017-06,254,308.0
beleza_saude,2017-07,308,352.0
beleza_saude,2017-08,352,376.0
beleza_saude,2017-09,376,350.0
beleza_saude,2017-10,350,573.0
beleza_saude,2017-11,573,460.0
beleza_saude,2017-12,460,619.0
beleza_saude,2018-01,619,650.0
beleza_saude,2018-02,650,656.0
beleza_saude,2018-03,656,685.0
beleza_saude,2018-04,685,751.0
beleza_saude,2018-05,751,875.0
beleza_saude,2018-06,875,770.0
beleza_saude,2018-07,770,835.0
brinquedos,2016-10,24,41.0
brinquedos,2017-01,41,66.0
brinquedos,2017-02,66,102.0
brinquedos,2017-03,102,113.0
brinquedos,2017-04,113,196.0
brinquedos,2017-05,196,156.0
brinquedos,2017-06,156,203.0
brinquedos,2017-07,203,182.0
brinquedos,2017-08,182,289.0
brinquedos,2017-09,289,283.0
brinquedos,2017-10,283,485.0
brinquedos,2017-11,485,436.0
brinquedos,2017-12,436,161.0
brinquedos,2018-01,161,139.0
brinquedos,2018-02,139,225.0
brinquedos,2018-03,225,202.0
brinquedos,2018-04,202,218.0
brinquedos,2018-05,218,190.0
brinquedos,2018-06,190,154.0
brinquedos,2018-07,154,165.0
cama_mesa_banho,2016-10,8,46.0
cama_mesa_banho,2017-01,46,157.0
cama_mesa_banho,2017-02,157,279.0
cama_mesa_banho,2017-03,279,271.0
cama_mesa_banho,2017-04,271,361.0
cama_mesa_banho,2017-05,361,369.0
cama_mesa_banho,2017-06,369,569.0
cama_mesa_banho,2017-07,569,506.0
cama_mesa_banho,2017-08,506,528.0
cama_mesa_banho,2017-09,528,542.0
cama_mesa_banho,2017-10,542,961.0
cama_mesa_banho,2017-11,961,546.0
cama_mesa_banho,2017-12,546,836.0
cama_mesa_banho,2018-01,836,685.0
cama_mesa_banho,2018-02,685,777.0
cama_mesa_banho,2018-03,777,736.0
cama_mesa_banho,2018-04,736,740.0
cama_mesa_banho,2018-05,740,764.0
cama_mesa_banho,2018-06,764,617.0
cama_mesa_banho,2018-07,617,655.0
casa_conforto,2017-02,3,13.0
casa_conforto,2017-03,13,17.0
casa_conforto,2017-04,17,35.0
casa_conforto,2017-05,35,17.0
casa_conforto,2017-06,17,43.0
casa_conforto,2017-07,43,28.0
casa_conforto,2017-08,28,33.0
casa_conforto,2017-09,33,27.0
casa_conforto,2017-10,27,45.0
casa_conforto,2017-11,45,14.0
casa_conforto,2017-12,14,18.0
casa_conforto,2018-01,18,21.0
casa_conforto,2018-02,21,21.0
casa_conforto,2018-03,21,18.0
casa_conforto,2018-04,18,21.0
casa_conforto,2018-05,21,16.0
casa_conforto,2018-06,16,23.0
casa_conforto,2018-07,23,16.0
casa_conforto_2,2017-01,2,3.0
casa_conforto_2,2017-03,3,1.0
casa_conforto_2,2017-04,1,1.0
casa_conforto_2,2017-06,1,1.0
casa_conforto_2,2017-07,1,3.0
casa_conforto_2,2017-08,3,1.0
casa_conforto_2,2017-09,1,5.0
casa_conforto_2,2017-10,5,3.0
casa_conforto_2,2017-11,3,3.0
casa_conforto_2,2018-02,3,1.0
casa_conforto_2,2018-03,1,1.0
casa_conforto_2,2018-04,1,2.0
casa_conforto_2,2018-06,2,3.0
casa_construcao,2017-02,4,10.0
casa_construcao,2017-03,10,5.0
casa_construcao,2017-04,5,7.0
casa_construcao,2017-05,7,8.0
casa_construcao,2017-06,8,2.0
casa_construcao,2017-07,2,1.0
casa_construcao,2017-08,1,11.0
casa_construcao,2017-09,11,18.0
casa_construcao,2017-10,18,38.0
casa_construcao,2017-11,38,38.0
casa_construcao,2017-12,38,40.0
casa_construcao,2018-01,40,38.0
casa_construcao,2018-02,38,43.0
casa_construcao,2018-03,43,75.0
casa_construcao,2018-04,75,79.0
casa_construcao,2018-05,79,71.0
casa_construcao,2018-06,71,60.0
casa_construcao,2018-07,60,48.0
cds_dvds_musicais,2017-07,5,3.0
cds_dvds_musicais,2017-08,3,1.0
cds_dvds_musicais,2017-10,1,3.0
cds_dvds_musicais,2017-11,3,1.0
cds_dvds_musicais,2017-12,1,1.0
cine_foto,2017-02,1,2.0
cine_foto,2017-04,2,1.0
cine_foto,2017-05,1,1.0
cine_foto,2017-06,1,1.0
cine_foto,2017-09,1,1.0
cine_foto,2017-10,1,1.0
cine_foto,2017-11,1,2.0
cine_foto,2018-01,2,2.0
cine_foto,2018-02,2,7.0
cine_foto,2018-03,7,5.0
cine_foto,2018-04,5,17.0
cine_foto,2018-05,17,13.0
cine_foto,2018-06,13,7.0
cine_foto,2018-07,7,9.0
climatizacao,2016-10,8,4.0
climatizacao,2017-01,4,11.0
climatizacao,2017-02,11,17.0
climatizacao,2017-03,17,15.0
climatizacao,2017-04,15,7.0
climatizacao,2017-05,7,11.0
climatizacao,2017-06,11,5.0
climatizacao,2017-07,5,15.0
climatizacao,2017-08,15,7.0
climatizacao,2017-09,7,12.0
climatizacao,2017-10,12,19.0
climatizacao,2017-11,19,3.0
climatizacao,2017-12,3,29.0
climatizacao,2018-01,29,12.0
climatizacao,2018-02,12,24.0
climatizacao,2018-03,24,23.0
climatizacao,2018-04,23,14.0
climatizacao,2018-05,14,15.0
climatizacao,2018-06,15,17.0
climatizacao,2018-07,17,21.0
consoles_games,2016-10,7,21.0
consoles_games,2017-01,21,18.0
consoles_games,2017-02,18,47.0
consoles_games,2017-03,47,17.0
consoles_games,2017-04,17,29.0
consoles_games,2017-05,29,29.0
consoles_games,2017-06,29,47.0
consoles_games,2017-07,47,84.0
consoles_games,2017-08,84,63.0
consoles_games,2017-09,63,105.0
consoles_games,2017-10,105,128.0
consoles_games,2017-11,128,92.0
consoles_games,2017-12,92,51.0
consoles_games,2018-01,51,51.0
consoles_games,2018-02,51,57.0
consoles_games,2018-03,57,40.0
consoles_games,2018-04,40,52.0
consoles_games,2018-05,52,43.0
consoles_games,2018-06,43,49.0
consoles_games,2018-07,49,59.0
construcao_ferramentas_construcao,2017-02,3,1.0
construcao_ferramentas_construcao,2017-03,1,1.0
construcao_ferramentas_construcao,2017-05,1,8.0
construcao_ferramentas_construcao,2017-06,8,6.0
construcao_ferramentas_construcao,2017-07,6,7.0
construcao_ferramentas_construcao,2017-08,7,10.0
construcao_ferramentas_construcao,2017-09,10,19.0
construcao_ferramentas_construcao,2017-10,19,47.0
construcao_ferramentas_construcao,2017-11,47,27.0
construcao_ferramentas_construcao,2017-12,27,48.0
construcao_ferramentas_construcao,2018-01,48,68.0
construcao_ferramentas_construcao,2018-02,68,66.0
construcao_ferramentas_construcao,2018-03,66,90.0
construcao_ferramentas_construcao,2018-04,90,125.0
construcao_ferramentas_construcao,2018-05,125,113.0
construcao_ferramentas_construcao,2018-06,113,115.0
construcao_ferramentas_construcao,2018-07,115,162.0
construcao_ferramentas_ferramentas,2017-04,1,2.0
construcao_ferramentas_ferramentas,2017-05,2,3.0
construcao_ferramentas_ferramentas,2017-09,3,5.0
construcao_ferramentas_ferramentas,2017-10,5,5.0
construcao_ferramentas_ferramentas,2017-11,5,6.0
construcao_ferramentas_ferramentas,2017-12,6,8.0
construcao_ferramentas_ferramentas,2018-01,8,12.0
construcao_ferramentas_ferramentas,2018-02,12,9.0
construcao_ferramentas_ferramentas,2018-03,9,17.0
construcao_ferramentas_ferramentas,2018-04,17,5.0
construcao_ferramentas_ferramentas,2018-05,5,4.0
construcao_ferramentas_ferramentas,2018-06,4,12.0
construcao_ferramentas_ferramentas,2018-07,12,14.0
construcao_ferramentas_iluminacao,2017-07,1,2.0
construcao_ferramentas_iluminacao,2017-08,2,1.0
construcao_ferramentas_iluminacao,2017-09,1,2.0
construcao_ferramentas_iluminacao,2017-10,2,10.0
construcao_ferramentas_iluminacao,2017-11,10,2.0
construcao_ferramentas_iluminacao,2017-12,2,7.0
construcao_ferramentas_iluminacao,2018-01,7,17.0
construcao_ferramentas_iluminacao,2018-02,17,13.0
construcao_ferramentas_iluminacao,2018-03,13,47.0
construcao_ferramentas_iluminacao,2018-04,47,38.0
construcao_ferramentas_iluminacao,2018-05,38,44.0
construcao_ferramentas_iluminacao,2018-06,44,55.0
construcao_ferramentas_iluminacao,2018-07,55,62.0
construcao_ferramentas_jardim,2017-02,2,8.0
construcao_ferramentas_jardim,2017-04,8,7.0
construcao_ferramentas_jardim,2017-05,7,4.0
construcao_ferramentas_jardim,2017-06,4,8.0
construcao_ferramentas_jardim,2017-07,8,10.0
construcao_ferramentas_jardim,2017-08,10,5.0
construcao_ferramentas_jardim,2017-09,5,9.0
construcao_ferramentas_jardim,2017-10,9,17.0
construcao_ferramentas_jardim,2017-11,17,6.0
construcao_ferramentas_jardim,2017-12,6,24.0
construcao_ferramentas_jardim,2018-01,24,20.0
construcao_ferramentas_jardim,2018-02,20,22.0
construcao_ferramentas_jardim,2018-03,22,18.0
construcao_ferramentas_jardim,2018-04,18,16.0
construcao_ferramentas_jardim,2018-05,16,11.0
construcao_ferramentas_jardim,2018-06,11,22.0
construcao_ferramentas_jardim,2018-07,22,23.0
construcao_ferramentas_seguranca,2017-02,1,1.0
construcao_ferramentas_seguranca,2017-08,1,5.0
construcao_ferramentas_seguranca,2017-09,5,12.0
construcao_ferramentas_seguranca,2017-10,12,14.0
construcao_ferramentas_seguranca,2017-11,14,7.0
construcao_ferramentas_seguranca,2017-12,7,11.0
construcao_ferramentas_seguranca,2018-01,11,8.0
construcao_ferramentas_seguranca,2018-02,8,22.0
construcao_ferramentas_seguranca,2018-03,22,24.0
construcao_ferramentas_seguranca,2018-04,24,22.0
construcao_ferramentas_seguranca,2018-05,22,16.0
construcao_ferramentas_seguranca,2018-06,16,15.0
construcao_ferramentas_seguranca,2018-07,15,25.0
cool_stuff,2016-10,7,37.0
cool_stuff,2017-01,37,69.0
cool_stuff,2017-02,69,118.0
cool_stuff,2017-03,118,114.0
cool_stuff,2017-04,114,241.0
cool_stuff,2017-05,241,199.0
cool_stuff,2017-06,199,228.0
cool_stuff,2017-07,228,256.0
cool_stuff,2017-08,256,203.0
cool_stuff,2017-09,203,254.0
cool_stuff,2017-10,254,297.0
cool_stuff,2017-11,297,248.0
cool_stuff,2017-12,248,296.0
cool_stuff,2018-01,296,180.0
cool_stuff,2018-02,180,253.0
cool_stuff,2018-03,253,206.0
cool_stuff,2018-04,206,175.0
cool_stuff,2018-05,175,103.0
cool_stuff,2018-06,103,115.0
cool_stuff,2018-07,115,119.0
dvds_blu_ray,2017-01,2,1.0
dvds_blu_ray,2017-02,1,4.0
dvds_blu_ray,2017-03,4,2.0
dvds_blu_ray,2017-04,2,4.0
dvds_blu_ray,2017-05,4,4.0
dvds_blu_ray,2017-06,4,3.0
dvds_blu_ray,2017-07,3,6.0
dvds_blu_ray,2017-08,6,2.0
dvds_blu_ray,2017-09,2,4.0
dvds_blu_ray,2017-10,4,3.0
dvds_blu_ray,2017-11,3,1.0
dvds_blu_ray,2017-12,1,2.0
dvds_blu_ray,2018-01,2,1.0
dvds_blu_ray,2018-02,1,2.0
dvds_blu_ray,2018-03,2,5.0
dvds_blu_ray,2018-04,5,7.0
dvds_blu_ray,2018-05,7,6.0
dvds_blu_ray,2018-06,6,1.0
dvds_blu_ray,2018-07,1,1.0
eletrodomesticos,2017-02,7,10.0
eletrodomesticos,2017-03,10,10.0
eletrodomesticos,2017-04,10,28.0
eletrodomesticos,2017-05,28,43.0
eletrodomesticos,2017-06,43,37.0
eletrodomesticos,2017-07,37,42.0
eletrodomesticos,2017-08,42,10.0
eletrodomesticos,2017-09,10,7.0
eletrodomesticos,2017-10,7,25.0
eletrodomesticos,2017-11,25,16.0
eletrodomesticos,2017-12,16,27.0
eletrodomesticos,2018-01,27,48.0
eletrodomesticos,2018-02,48,70.0
eletrodomesticos,2018-03,70,104.0
eletrodomesticos,2018-04,104,64.0
eletrodomesticos,2018-05,64,65.0
eletrodomesticos,2018-06,65,78.0
eletrodomesticos,2018-07,78,63.0
eletrodomesticos_2,2017-01,7,1.0
eletrodomesticos_2,2017-02,1,2.0
eletrodomesticos_2,2017-03,2,2.0
eletrodomesticos_2,2017-04,2,7.0
eletrodomesticos_2,2017-05,7,6.0
eletrodomesticos_2,2017-06,6,7.0
eletrodomesticos_2,2017-07,7,15.0
eletrodomesticos_2,2017-08,15,6.0
eletrodomesticos_2,2017-09,6,9.0
eletrodomesticos_2,2017-10,9,13.0
eletrodomesticos_2,2017-11,13,8.0
eletrodomesticos_2,2017-12,8,13.0
eletrodomesticos_2,2018-01,13,21.0
eletrodomesticos_2,2018-02,21,12.0
eletrodomesticos_2,2018-03,12,23.0
eletrodomesticos_2,2018-04,23,23.0
eletrodomesticos_2,2018-05,23,19.0
eletrodomesticos_2,2018-06,19,23.0
eletrodomesticos_2,2018-07,23,14.0
eletronicos,2016-10,1,11.0
eletronicos,2017-01,11,19.0
eletronicos,2017-02,19,37.0
eletronicos,2017-03,37,48.0
eletronicos,2017-04,48,65.0
eletronicos,2017-05,65,41.0
eletronicos,2017-06,41,94.0
eletronicos,2017-07,94,56.0
eletronicos,2017-08,56,67.0
eletronicos,2017-09,67,62.0
eletronicos,2017-10,62,182.0
eletronicos,2017-11,182,209.0
eletronicos,2017-12,209,348.0
eletronicos,2018-01,348,331.0
eletronicos,2018-02,331,254.0
eletronicos,2018-03,254,212.0
eletronicos,2018-04,212,231.0
eletronicos,2018-05,231,191.0
eletronicos,2018-06,191,151.0
eletronicos,2018-07,151,119.0
eletroportateis,2017-01,6,28.0
eletroportateis,2017-02,28,31.0
eletroportateis,2017-03,31,20.0
eletroportateis,2017-04,20,18.0
eletroportateis,2017-05,18,23.0
eletroportateis,2017-06,23,31.0
eletroportateis,2017-07,31,36.0
eletroportateis,2017-08,36,30.0
eletroportateis,2017-09,30,32.0
eletroportateis,2017-10,32,28.0
eletroportateis,2017-11,28,27.0
eletroportateis,2017-12,27,53.0
eletroportateis,2018-01,53,32.0
eletroportateis,2018-02,32,35.0
eletroportateis,2018-03,35,66.0
eletroportateis,2018-04,66,48.0
eletroportateis,2018-05,48,49.0
eletroportateis,2018-06,49,42.0
eletroportateis,2018-07,42,23.0
esporte_lazer,2016-10,17,74.0
esporte_lazer,2017-01,74,149.0
esporte_lazer,2017-02,149,190.0
esporte_lazer,2017-03,190,203.0
esporte_lazer,2017-04,203,305.0
esporte_lazer,2017-05,305,269.0
esporte_lazer,2017-06,269,375.0
esporte_lazer,2017-07,375,417.0
esporte_lazer,2017-08,417,453.0
esporte_lazer,2017-09,453,462.0
esporte_lazer,2017-10,462,597.0
esporte_lazer,2017-11,597,484.0
esporte_lazer,2017-12,484,642.0
esporte_lazer,2018-01,642,637.0
esporte_lazer,2018-02,637,732.0
esporte_lazer,2018-03,732,586.0
esporte_lazer,2018-04,586,489.0
esporte_lazer,2018-05,489,419.0
esporte_lazer,2018-06,419,460.0
esporte_lazer,2018-07,460,471.0
fashion_bolsas_e_acessorios,2016-10,8,1.0
fashion_bolsas_e_acessorios,2016-12,1,35.0
fashion_bolsas_e_acessorios,2017-01,35,36.0
fashion_bolsas_e_acessorios,2017-02,36,66.0
fashion_bolsas_e_acessorios,2017-03,66,48.0
fashion_bolsas_e_acessorios,2017-04,48,104.0
fashion_bolsas_e_acessorios,2017-05,104,81.0
fashion_bolsas_e_acessorios,2017-06,81,86.0
fashion_bolsas_e_acessorios,2017-07,86,95.0
fashion_bolsas_e_acessorios,2017-08,95,122.0
fashion_bolsas_e_acessorios,2017-09,122,108.0
fashion_bolsas_e_acessorios,2017-10,108,193.0
fashion_bolsas_e_acessorios,2017-11,193,134.0
fashion_bolsas_e_acessorios,2017-12,134,125.0
fashion_bolsas_e_acessorios,2018-01,125,107.0
fashion_bolsas_e_acessorios,2018-02,107,137.0
fashion_bolsas_e_acessorios,2018-03,137,102.0
fashion_bolsas_e_acessorios,2018-04,102,110.0
fashion_bolsas_e_acessorios,2018-05,110,87.0
fashion_bolsas_e_acessorios,2018-06,87,74.0
fashion_bolsas_e_acessorios,2018-07,74,126.0
fashion_calcados,2016-10,1,1.0
fashion_calcados,2017-01,1,3.0
fashion_calcados,2017-02,3,14.0
fashion_calcados,2017-03,14,23.0
fashion_calcados,2017-04,23,22.0
fashion_calcados,2017-05,22,19.0
fashion_calcados,2017-06,19,19.0
fashion_calcados,2017-07,19,22.0
fashion_calcados,2017-08,22,13.0
fashion_calcados,2017-09,13,18.0
fashion_calcados,2017-10,18,19.0
fashion_calcados,2017-11,19,13.0
fashion_calcados,2017-12,13,9.0
fashion_calcados,2018-01,9,11.0
fashion_calcados,2018-02,11,11.0
fashion_calcados,2018-03,11,11.0
fashion_calcados,2018-04,11,10.0
fashion_calcados,2018-05,10,10.0
fashion_calcados,2018-06,10,5.0
fashion_calcados,2018-07,5,3.0
fashion_esporte,2017-03,1,4.0
fashion_esporte,2017-04,4,3.0
fashion_esporte,2017-05,3,5.0
fashion_esporte,2017-06,5,1.0
fashion_esporte,2017-07,1,2.0
fashion_esporte,2017-08,2,5.0
fashion_esporte,2017-09,5,1.0
fashion_esporte,2017-10,1,1.0
fashion_esporte,2017-11,1,1.0
fashion_esporte,2017-12,1,2.0
fashion_esporte,2018-01,2,1.0
fashion_esporte,2018-03,1,1.0
fashion_esporte,2018-04,1,1.0
fashion_roupa_feminina,2016-10,1,2.0
fashion_roupa_feminina,2017-01,2,3.0
fashion_roupa_feminina,2017-02,3,1.0
fashion_roupa_feminina,2017-03,1,1.0
fashion_roupa_feminina,2017-04,1,4.0
fashion_roupa_feminina,2017-05,4,3.0
fashion_roupa_feminina,2017-06,3,4.0
fashion_roupa_feminina,2017-07,4,4.0
fashion_roupa_feminina,2017-08,4,4.0
fashion_roupa_feminina,2017-09,4,2.0
fashion_roupa_feminina,2017-11,2,3.0
fashion_roupa_feminina,2018-01,3,1.0
fashion_roupa_feminina,2018-02,1,4.0
fashion_roupa_feminina,2018-03,4,5.0
fashion_roupa_feminina,2018-04,5,3.0
fashion_roupa_infanto_juvenil,2017-05,1,1.0
fashion_roupa_infanto_juvenil,2017-06,1,1.0
fashion_roupa_infanto_juvenil,2017-09,1,1.0
fashion_roupa_infanto_juvenil,2017-10,1,2.0
fashion_roupa_infanto_juvenil,2018-03,2,1.0
fashion_roupa_masculina,2016-10,1,1.0
fashion_roupa_masculina,2017-01,1,6.0
fashion_roupa_masculina,2017-02,6,9.0
fashion_roupa_masculina,2017-03,9,5.0
fashion_roupa_masculina,2017-04,5,4.0
fashion_roupa_masculina,2017-05,4,9.0
fashion_roupa_masculina,2017-06,9,9.0
fashion_roupa_masculina,2017-07,9,14.0
fashion_roupa_masculina,2017-08,14,16.0
fashion_roupa_masculina,2017-09,16,10.0
fashion_roupa_masculina,2017-10,10,11.0
fashion_roupa_masculina,2017-11,11,4.0
fashion_roupa_masculina,2017-12,4,6.0
fashion_roupa_masculina,2018-01,6,3.0
fashion_roupa_masculina,2018-02,3,1.0
fashion_roupa_masculina,2018-04,1,1.0
fashion_roupa_masculina,2018-05,1,7.0
fashion_roupa_masculina,2018-06,7,5.0
fashion_roupa_masculina,2018-07,5,3.0
fashion_underwear_e_moda_praia,2017-01,2,8.0
fashion_underwear_e_moda_praia,2017-02,8,6.0
fashion_underwear_e_moda_praia,2017-03,6,3.0
fashion_underwear_e_moda_praia,2017-04,3,7.0
fashion_underwear_e_moda_praia,2017-05,7,1.0
fashion_underwear_e_moda_praia,2017-06,1,3.0
fashion_underwear_e_moda_praia,2017-07,3,13.0
fashion_underwear_e_moda_praia,2017-08,13,16.0
fashion_underwear_e_moda_praia,2017-09,16,3.0
fashion_underwear_e_moda_praia,2017-10,3,10.0
fashion_underwear_e_moda_praia,2017-11,10,13.0
fashion_underwear_e_moda_praia,2017-12,13,8.0
fashion_underwear_e_moda_praia,2018-01,8,7.0
fashion_underwear_e_moda_praia,2018-02,7,5.0
fashion_underwear_e_moda_praia,2018-03,5,6.0
fashion_underwear_e_moda_praia,2018-04,6,6.0
fashion_underwear_e_moda_praia,2018-05,6,7.0
fashion_underwear_e_moda_praia,2018-06,7,2.0
fashion_underwear_e_moda_praia,2018-07,2,1.0
ferramentas_jardim,2016-10,5,54.0
ferramentas_jardim,2017-01,54,69.0
ferramentas_jardim,2017-02,69,146.0
ferramentas_jardim,2017-03,146,108.0
ferramentas_jardim,2017-04,108,138.0
ferramentas_jardim,2017-05,138,110.0
ferramentas_jardim,2017-06,110,184.0
ferramentas_jardim,2017-07,184,233.0
ferramentas_jardim,2017-08,233,222.0
ferramentas_jardim,2017-09,222,280.0
ferramentas_jardim,2017-10,280,547.0
ferramentas_jardim,2017-11,547,323.0
ferramentas_jardim,2017-12,323,236.0
ferramentas_jardim,2018-01,236,293.0
ferramentas_jardim,2018-02,293,253.0
ferramentas_jardim,2018-03,253,282.0
ferramentas_jardim,2018-04,282,288.0
ferramentas_jardim,2018-05,288,184.0
ferramentas_jardim,2018-06,184,177.0
ferramentas_jardim,2018-07,177,136.0
flores,2017-11,6,2.0
flores,2017-12,2,10.0
flores,2018-01,10,4.0
flores,2018-02,4,3.0
flores,2018-03,3,3.0
flores,2018-04,3,1.0
flores,2018-05,1,2.0
flores,2018-06,2,2.0
fraldas_higiene,2016-10,1,2.0
fraldas_higiene,2017-12,2,5.0
fraldas_higiene,2018-01,5,4.0
fraldas_higiene,2018-02,4,5.0
fraldas_higiene,2018-03,5,4.0
fraldas_higiene,2018-04,4,3.0
fraldas_higiene,2018-05,3,7.0
fraldas_higiene,2018-06,7,3.0
fraldas_higiene,2018-07,3,3.0
industria_comercio_e_negocios,2016-10,4,1.0
industria_comercio_e_negocios,2017-02,1,2.0
industria_comercio_e_negocios,2017-03,2,2.0
industria_comercio_e_negocios,2017-05,2,2.0
industria_comercio_e_negocios,2017-06,2,2.0
industria_comercio_e_negocios,2017-07,2,3.0
industria_comercio_e_negocios,2017-08,3,2.0
industria_comercio_e_negocios,2017-09,2,5.0
industria_comercio_e_negocios,2017-10,5,6.0
industria_comercio_e_negocios,2017-11,6,9.0
industria_comercio_e_negocios,2017-12,9,18.0
industria_comercio_e_negocios,2018-01,18,37.0
industria_comercio_e_negocios,2018-02,37,29.0
industria_comercio_e_negocios,2018-03,29,53.0
industria_comercio_e_negocios,2018-04,53,40.0
industria_comercio_e_negocios,2018-05,40,26.0
industria_comercio_e_negocios,2018-06,26,14.0
industria_comercio_e_negocios,2018-07,14,10.0
informatica_acessorios,2016-10,12,31.0
informatica_acessorios,2017-01,31,100.0
informatica_acessorios,2017-02,100,171.0
informatica_acessorios,2017-03,171,132.0
informatica_acessorios,2017-04,132,309.0
informatica_acessorios,2017-05,309,254.0
informatica_acessorios,2017-06,254,320.0
informatica_acessorios,2017-07,320,341.0
informatica_acessorios,2017-08,341,247.0
informatica_acessorios,2017-09,247,309.0
informatica_acessorios,2017-10,309,512.0
informatica_acessorios,2017-11,512,284.0
informatica_acessorios,2017-12,284,688.0
informatica_acessorios,2018-01,688,971.0
informatica_acessorios,2018-02,971,750.0
informatica_acessorios,2018-03,750,526.0
informatica_acessorios,2018-04,526,453.0
informatica_acessorios,2018-05,453,401.0
informatica_acessorios,2018-06,401,418.0
informatica_acessorios,2018-07,418,415.0
instrumentos_musicais,2017-01,1,9.0
instrumentos_musicais,2017-02,9,10.0
instrumentos_musicais,2017-03,10,16.0
instrumentos_musicais,2017-04,16,20.0
instrumentos_musicais,2017-05,20,20.0
instrumentos_musicais,2017-06,20,30.0
instrumentos_musicais,2017-07,30,23.0
instrumentos_musicais,2017-08,23,26.0
instrumentos_musicais,2017-09,26,19.0
instrumentos_musicais,2017-10,19,42.0
instrumentos_musicais,2017-11,42,42.0
instrumentos_musicais,2017-12,42,51.0
instrumentos_musicais,2018-01,51,44.0
instrumentos_musicais,2018-02,44,53.0
instrumentos_musicais,2018-03,53,60.0
instrumentos_musicais,2018-04,60,61.0
instrumentos_musicais,2018-05,61,47.0
instrumentos_musicais,2018-06,47,36.0
instrumentos_musicais,2018-07,36,41.0
la_cuisine,2017-04,1,1.0
la_cuisine,2017-05,1,4.0
la_cuisine,2017-07,4,2.0
la_cuisine,2017-08,2,1.0
la_cuisine,2017-10,1,1.0
la_cuisine,2017-11,1,1.0
la_cuisine,2018-01,1,1.0
la_cuisine,2018-03,1,2.0
livros_importados,2017-04,1,2.0
livros_importados,2017-06,2,1.0
livros_importados,2017-08,1,4.0
livros_importados,2017-09,4,3.0
livros_importados,2017-11,3,3.0
livros_importados,2017-12,3,6.0
livros_importados,2018-01,6,3.0
livros_importados,2018-02,3,3.0
livros_importados,2018-03,3,4.0
livros_importados,2018-04,4,10.0
livros_importados,2018-05,10,9.0
livros_importados,2018-06,9,7.0
livros_importados,2018-07,7,1.0
livros_interesse_geral,2017-01,2,8.0
livros_interesse_geral,2017-02,8,24.0
livros_interesse_geral,2017-03,24,12.0
livros_interesse_geral,2017-04,12,20.0
livros_interesse_geral,2017-05,20,20.0
livros_interesse_geral,2017-06,20,13.0
livros_interesse_geral,2017-07,13,27.0
livros_interesse_geral,2017-08,27,14.0
livros_interesse_geral,2017-09,14,11.0
livros_interesse_geral,2017-10,11,37.0
livros_interesse_geral,2017-11,37,41.0
livros_interesse_geral,2017-12,41,44.0
livros_interesse_geral,2018-01,44,28.0
livros_interesse_geral,2018-02,28,38.0
livros_interesse_geral,2018-03,38,49.0
livros_interesse_geral,2018-04,49,50.0
livros_interesse_geral,2018-05,50,38.0
livros_interesse_geral,2018-06,38,25.0
livros_interesse_geral,2018-07,25,36.0
livros_tecnicos,2017-02,1,2.0
livros_tecnicos,2017-03,2,1.0
livros_tecnicos,2017-04,1,3.0
livros_tecnicos,2017-05,3,2.0
livros_tecnicos,2017-06,2,2.0
livros_tecnicos,2017-07,2,9.0
livros_tecnicos,2017-08,9,8.0
livros_tecnicos,2017-09,8,6.0
livros_tecnicos,2017-10,6,6.0
livros_tecnicos,2017-11,6,4.0
livros_tecnicos,2017-12,4,17.0
livros_tecnicos,2018-01,17,26.0
livros_tecnicos,2018-02,26,17.0
livros_tecnicos,2018-03,17,23.0
livros_tecnicos,2018-04,23,55.0
livros_tecnicos,2018-05,55,26.0
livros_tecnicos,2018-06,26,26.0
livros_tecnicos,2018-07,26,29.0
malas_acessorios,2017-01,5,20.0
malas_acessorios,2017-02,20,38.0
malas_acessorios,2017-03,38,48.0
malas_acessorios,2017-04,48,70.0
malas_acessorios,2017-05,70,60.0
malas_acessorios,2017-06,60,73.0
malas_acessorios,2017-07,73,62.0
malas_acessorios,2017-08,62,42.0
malas_acessorios,2017-09,42,56.0
malas_acessorios,2017-10,56,70.0
malas_acessorios,2017-11,70,46.0
malas_acessorios,2017-12,46,126.0
malas_acessorios,2018-01,126,45.0
malas_acessorios,2018-02,45,56.0
malas_acessorios,2018-03,56,57.0
malas_acessorios,2018-04,57,49.0
malas_acessorios,2018-05,49,36.0
malas_acessorios,2018-06,36,54.0
malas_acessorios,2018-07,54,64.0
market_place,2016-10,11,5.0
market_place,2017-01,5,20.0
market_place,2017-02,20,17.0
market_place,2017-03,17,19.0
market_place,2017-04,19,22.0
market_place,2017-05,22,16.0
market_place,2017-06,16,13.0
market_place,2017-07,13,23.0
market_place,2017-08,23,11.0
market_place,2017-09,11,11.0
market_place,2017-10,11,16.0
market_place,2017-11,16,14.0
market_place,2017-12,14,14.0
market_place,2018-01,14,28.0
market_place,2018-02,28,17.0
market_place,2018-03,17,15.0
market_place,2018-04,15,14.0
market_place,2018-05,14,7.0
market_place,2018-06,7,4.0
market_place,2018-07,4,8.0
moveis_colchao_e_estofado,2017-04,1,3.0
moveis_colchao_e_estofado,2017-05,3,1.0
moveis_colchao_e_estofado,2017-07,1,2.0
moveis_colchao_e_estofado,2017-08,2,1.0
moveis_colchao_e_estofado,2017-09,1,2.0
moveis_colchao_e_estofado,2017-11,2,8.0
moveis_colchao_e_estofado,2017-12,8,9.0
moveis_colchao_e_estofado,2018-01,9,5.0
moveis_colchao_e_estofado,2018-02,5,4.0
moveis_colchao_e_estofado,2018-03,4,1.0
moveis_cozinha_area_de_servico_jantar_e_jardim,2017-01,1,2.0
moveis_cozinha_area_de_servico_jantar_e_jardim,2017-02,2,3.0
moveis_cozinha_area_de_servico_jantar_e_jardim,2017-03,3,9.0
moveis_cozinha_area_de_servico_jantar_e_jardim,2017-04,9,9.0
moveis_cozinha_area_de_servico_jantar_e_jardim,2017-05,9,4.0
moveis_cozinha_area_de_servico_jantar_e_jardim,2017-06,4,11.0
moveis_cozinha_area_de_servico_jantar_e_jardim,2017-07,11,7.0
moveis_cozinha_area_de_servico_jantar_e_jardim,2017-08,7,4.0
moveis_cozinha_area_de_servico_jantar_e_jardim,2017-09,4,16.0
moveis_cozinha_area_de_servico_jantar_e_jardim,2017-10,16,33.0
moveis_cozinha_area_de_servico_jantar_e_jardim,2017-11,33,20.0
moveis_cozinha_area_de_servico_jantar_e_jardim,2017-12,20,21.0
moveis_cozinha_area_de_servico_jantar_e_jardim,2018-01,21,19.0
moveis_cozinha_area_de_servico_jantar_e_jardim,2018-02,19,12.0
moveis_cozinha_area_de_servico_jantar_e_jardim,2018-03,12,19.0
moveis_cozinha_area_de_servico_jantar_e_jardim,2018-04,19,13.0
moveis_cozinha_area_de_servico_jantar_e_jardim,2018-05,13,29.0
moveis_cozinha_area_de_servico_jantar_e_jardim,2018-06,29,22.0
moveis_cozinha_area_de_servico_jantar_e_jardim,2018-07,22,20.0
moveis_decoracao,2016-10,65,177.0
moveis_decoracao,2017-01,177,257.0
moveis_decoracao,2017-02,257,315.0
moveis_decoracao,2017-03,315,191.0
moveis_decoracao,2017-04,191,271.0
moveis_decoracao,2017-05,271,230.0
moveis_decoracao,2017-06,230,314.0
moveis_decoracao,2017-07,314,426.0
moveis_decoracao,2017-08,426,343.0
moveis_decoracao,2017-09,343,375.0
moveis_decoracao,2017-10,375,767.0
moveis_decoracao,2017-11,767,378.0
moveis_decoracao,2017-12,378,595.0
moveis_decoracao,2018-01,595,422.0
moveis_decoracao,2018-02,422,583.0
moveis_decoracao,2018-03,583,586.0
moveis_decoracao,2018-04,586,597.0
moveis_decoracao,2018-05,597,402.0
moveis_decoracao,2018-06,402,436.0
moveis_decoracao,2018-07,436,430.0
moveis_escritorio,2016-10,6,8.0
moveis_escritorio,2017-01,8,62.0
moveis_escritorio,2017-02,62,74.0
moveis_escritorio,2017-03,74,58.0
moveis_escritorio,2017-04,58,56.0
moveis_escritorio,2017-05,56,50.0
moveis_escritorio,2017-06,50,115.0
moveis_escritorio,2017-07,115,58.0
moveis_escritorio,2017-08,58,60.0
moveis_escritorio,2017-09,60,102.0
moveis_escritorio,2017-10,102,101.0
moveis_escritorio,2017-11,101,48.0
moveis_escritorio,2017-12,48,142.0
moveis_escritorio,2018-01,142,107.0
moveis_escritorio,2018-02,107,200.0
moveis_escritorio,2018-03,200,131.0
moveis_escritorio,2018-04,131,104.0
moveis_escritorio,2018-05,104,76.0
moveis_escritorio,2018-06,76,80.0
moveis_escritorio,2018-07,80,30.0
moveis_quarto,2017-01,8,1.0
moveis_quarto,2017-02,1,3.0
moveis_quarto,2017-04,3,9.0
moveis_quarto,2017-05,9,2.0
moveis_quarto,2017-06,2,4.0
moveis_quarto,2017-07,4,3.0
moveis_quarto,2017-08,3,4.0
moveis_quarto,2017-09,4,3.0
moveis_quarto,2017-10,3,3.0
moveis_quarto,2017-11,3,1.0
moveis_quarto,2017-12,1,5.0
moveis_quarto,2018-01,5,7.0
moveis_quarto,2018-02,7,6.0
moveis_quarto,2018-03,6,7.0
moveis_quarto,2018-04,7,6.0
moveis_quarto,2018-05,6,9.0
moveis_quarto,2018-06,9,10.0
moveis_quarto,2018-07,10,12.0
moveis_sala,2017-01,10,21.0
moveis_sala,2017-02,21,24.0
moveis_sala,2017-03,24,12.0
moveis_sala,2017-04,12,32.0
moveis_sala,2017-05,32,15.0
moveis_sala,2017-06,15,30.0
moveis_sala,2017-07,30,23.0
moveis_sala,2017-08,23,11.0
moveis_sala,2017-09,11,19.0
moveis_sala,2017-10,19,39.0
moveis_sala,2017-11,39,20.0
moveis_sala,2017-12,20,22.0
moveis_sala,2018-01,22,26.0
moveis_sala,2018-02,26,19.0
moveis_sala,2018-03,19,33.0
moveis_sala,2018-04,33,16.0
moveis_sala,2018-05,16,29.0
moveis_sala,2018-06,29,54.0
moveis_sala,2018-07,54,40.0
musica,2017-01,2,1.0
musica,2017-03,1,2.0
musica,2017-04,2,4.0
musica,2017-06,4,1.0
musica,2017-07,1,1.0
musica,2017-10,1,1.0
musica,2018-01,1,2.0
musica,2018-02,2,2.0
musica,2018-03,2,5.0
musica,2018-04,5,5.0
musica,2018-05,5,3.0
musica,2018-06,3,3.0
musica,2018-07,3,6.0
papelaria,2017-01,14,19.0
papelaria,2017-02,19,56.0
papelaria,2017-03,56,35.0
papelaria,2017-04,35,64.0
papelaria,2017-05,64,38.0
papelaria,2017-06,38,77.0
papelaria,2017-07,77,80.0
papelaria,2017-08,80,75.0
papelaria,2017-09,75,96.0
papelaria,2017-10,96,163.0
papelaria,2017-11,163,248.0
papelaria,2017-12,248,385.0
papelaria,2018-01,385,145.0
papelaria,2018-02,145,163.0
papelaria,2018-03,163,152.0
papelaria,2018-04,152,130.0
papelaria,2018-05,130,167.0
papelaria,2018-06,167,190.0
papelaria,2018-07,190,169.0
pc_gamer,2017-04,2,1.0
pc_gamer,2017-05,1,1.0
pc_gamer,2017-06,1,1.0
pc_gamer,2018-02,1,2.0
pc_gamer,2018-07,2,1.0
pcs,2017-01,1,1.0
pcs,2017-02,1,28.0
pcs,2017-08,28,40.0
pcs,2017-09,40,27.0
pcs,2017-10,27,7.0
pcs,2017-11,7,23.0
pcs,2017-12,23,11.0
pcs,2018-01,11,15.0
pcs,2018-04,15,13.0
pcs,2018-05,13,13.0
pcs,2018-06,13,8.0
pcs,2018-07,8,12.0
perfumaria,2016-10,29,34.0
perfumaria,2017-01,34,49.0
perfumaria,2017-02,49,105.0
perfumaria,2017-03,105,101.0
perfumaria,2017-04,101,143.0
perfumaria,2017-05,143,148.0
perfumaria,2017-06,148,121.0
perfumaria,2017-07,121,127.0
perfumaria,2017-08,127,153.0
perfumaria,2017-09,153,187.0
perfumaria,2017-10,187,304.0
perfumaria,2017-11,304,233.0
perfumaria,2017-12,233,223.0
perfumaria,2018-01,223,211.0
perfumaria,2018-02,211,198.0
perfumaria,2018-03,198,174.0
perfumaria,2018-04,174,197.0
perfumaria,2018-05,197,186.0
perfumaria,2018-06,186,199.0
perfumaria,2018-07,199,218.0
pet_shop,2016-10,4,14.0
pet_shop,2017-01,14,39.0
pet_shop,2017-02,39,44.0
pet_shop,2017-03,44,51.0
pet_shop,2017-04,51,73.0
pet_shop,2017-05,73,63.0
pet_shop,2017-06,63,85.0
pet_shop,2017-07,85,89.0
pet_shop,2017-08,89,71.0
pet_shop,2017-09,71,76.0
pet_shop,2017-10,76,97.0
pet_shop,2017-11,97,72.0
pet_shop,2017-12,72,89.0
pet_shop,2018-01,89,99.0
pet_shop,2018-02,99,122.0
pet_shop,2018-03,122,166.0
pet_shop,2018-04,166,136.0
pet_shop,2018-05,136,178.0
pet_shop,2018-06,178,158.0
pet_shop,2018-07,158,198.0
portateis_casa_forno_e_cafe,2017-06,1,1.0
portateis_casa_forno_e_cafe,2017-08,1,1.0
portateis_casa_forno_e_cafe,2017-09,1,1.0
portateis_casa_forno_e_cafe,2018-01,1,5.0
portateis_casa_forno_e_cafe,2018-02,5,7.0
portateis_casa_forno_e_cafe,2018-03,7,13.0
portateis_casa_forno_e_cafe,2018-04,13,9.0
portateis_casa_forno_e_cafe,2018-05,9,3.0
portateis_casa_forno_e_cafe,2018-06,3,15.0
portateis_casa_forno_e_cafe,2018-07,15,17.0
portateis_cozinha_e_preparadores_de_alimentos,2018-05,2,8.0
portateis_cozinha_e_preparadores_de_alimentos,2018-07,8,4.0
relogios_presentes,2016-10,4,11.0
relogios_presentes,2017-01,11,33.0
relogios_presentes,2017-02,33,79.0
relogios_presentes,2017-03,79,95.0
relogios_presentes,2017-04,95,129.0
relogios_presentes,2017-05,129,119.0
relogios_presentes,2017-06,119,162.0
relogios_presentes,2017-07,162,211.0
relogios_presentes,2017-08,211,264.0
relogios_presentes,2017-09,264,308.0
relogios_presentes,2017-10,308,463.0
relogios_presentes,2017-11,463,353.0
relogios_presentes,2017-12,353,355.0
relogios_presentes,2018-01,355,324.0
relogios_presentes,2018-02,324,421.0
relogios_presentes,2018-03,421,494.0
relogios_presentes,2018-04,494,625.0
relogios_presentes,2018-05,625,477.0
relogios_presentes,2018-06,477,521.0
relogios_presentes,2018-07,521,411.0
seguros_e_servicos,2017-01,1,1.0
sinalizacao_e_seguranca,2017-03,1,3.0
sinalizacao_e_seguranca,2017-04,3,4.0
sinalizacao_e_seguranca,2017-05,4,1.0
sinalizacao_e_seguranca,2017-06,1,5.0
sinalizacao_e_seguranca,2017-07,5,4.0
sinalizacao_e_seguranca,2017-08,4,9.0
sinalizacao_e_seguranca,2017-09,9,10.0
sinalizacao_e_seguranca,2017-10,10,5.0
sinalizacao_e_seguranca,2017-11,5,2.0
sinalizacao_e_seguranca,2017-12,2,8.0
sinalizacao_e_seguranca,2018-01,8,15.0
sinalizacao_e_seguranca,2018-02,15,9.0
sinalizacao_e_seguranca,2018-03,9,36.0
sinalizacao_e_seguranca,2018-04,36,7.0
sinalizacao_e_seguranca,2018-05,7,27.0
sinalizacao_e_seguranca,2018-06,27,29.0
sinalizacao_e_seguranca,2018-07,29,22.0
tablets_impressao_imagem,2017-02,8,5.0
tablets_impressao_imagem,2017-03,5,11.0
tablets_impressao_imagem,2017-04,11,7.0
tablets_impressao_imagem,2017-05,7,6.0
tablets_impressao_imagem,2017-06,6,2.0
tablets_impressao_imagem,2017-07,2,6.0
tablets_impressao_imagem,2017-08,6,3.0
tablets_impressao_imagem,2017-09,3,1.0
tablets_impressao_imagem,2017-10,1,6.0
tablets_impressao_imagem,2017-11,6,6.0
tablets_impressao_imagem,2017-12,6,3.0
tablets_impressao_imagem,2018-01,3,13.0
tablets_impressao_imagem,2018-02,13,3.0
tablets_impressao_imagem,2018-03,3,1.0
tablets_impressao_imagem,2018-04,1,1.0
tablets_impressao_imagem,2018-05,1,1.0
telefonia,2016-10,8,22.0
telefonia,2017-01,22,106.0
telefonia,2017-02,106,165.0
telefonia,2017-03,165,142.0
telefonia,2017-04,142,214.0
telefonia,2017-05,214,157.0
telefonia,2017-06,157,143.0
telefonia,2017-07,143,132.0
telefonia,2017-08,132,173.0
telefonia,2017-09,173,244.0
telefonia,2017-10,244,371.0
telefonia,2017-11,371,260.0
telefonia,2017-12,260,368.0
telefonia,2018-01,368,354.0
telefonia,2018-02,354,334.0
telefonia,2018-03,334,279.0
telefonia,2018-04,279,250.0
telefonia,2018-05,250,216.0
telefonia,2018-06,216,221.0
telefonia,2018-07,221,271.0
telefonia_fixa,2016-10,5,22.0
telefonia_fixa,2017-01,22,22.0
telefonia_fixa,2017-02,22,20.0
telefonia_fixa,2017-03,20,6.0
telefonia_fixa,2017-04,6,9.0
telefonia_fixa,2017-05,9,12.0
telefonia_fixa,2017-06,12,9.0
telefonia_fixa,2017-07,9,20.0
telefonia_fixa,2017-08,20,13.0
telefonia_fixa,2017-09,13,7.0
telefonia_fixa,2017-10,7,5.0
telefonia_fixa,2017-11,5,5.0
telefonia_fixa,2017-12,5,10.0
telefonia_fixa,2018-01,10,11.0
telefonia_fixa,2018-02,11,14.0
telefonia_fixa,2018-03,14,11.0
telefonia_fixa,2018-04,11,16.0
telefonia_fixa,2018-05,16,17.0
telefonia_fixa,2018-06,17,11.0
telefonia_fixa,2018-07,11,10.0
utilidades_domesticas,2016-10,12,28.0
utilidades_domesticas,2017-01,28,69.0
utilidades_domesticas,2017-02,69,196.0
utilidades_domesticas,2017-03,196,169.0
utilidades_domesticas,2017-04,169,302.0
utilidades_domesticas,2017-05,302,321.0
utilidades_domesticas,2017-06,321,271.0
utilidades_domesticas,2017-07,271,280.0
utilidades_domesticas,2017-08,280,249.0
utilidades_domesticas,2017-09,249,229.0
utilidades_domesticas,2017-10,229,412.0
utilidades_domesticas,2017-11,412,288.0
utilidades_domesticas,2017-12,288,351.0
utilidades_domesticas,2018-01,351,391.0
utilidades_domesticas,2018-02,391,390.0
utilidades_domesticas,2018-03,390,462.0
utilidades_domesticas,2018-04,462,618.0
utilidades_domesticas,2018-05,618,577.0
utilidades_domesticas,2018-06,577,564.0
utilidades_domesticas,2018-07,564,616.0
